{
  "attributeCategories": [
    {
      "name": "OUTFITS",
      "filters": {
        "areFiltersAttributes":true,
        "data":
        [
          {
            "name":"OUTFITTOPLAYER1"
          },
          {
            "name":"OUTFITTOPLAYER2"
          },
          {
            "name":"OUTFITBOTTOMLAYER1"
          },
          {
            "name":"OUTFITBOTTOMLAYER2"
          },
          {
            "name":"OUTFITACCESSORY1"
          },
          {
            "name":"OUTFITACCESSORY2"
          },
          {
            "name":"OUTFITACCESSORY3"
          },
          {
            "name":"OUTFITACCESSORY4"
          },
          {
            "name":"OUTFITHEADWEAR"
          },
          {
            "name":"OUTFITSOCK"
          },
          {
            "name":"OUTFITSHOE"
          }
        ]
      }
    },
    {
      "name": "TATTOOS",
      "isVisible": false,
      "filters": {
        "areFiltersAttributes": true,
        "data": [
          {
            "name": "TATTOOLEFTARM",
            "options": [71, 72]
          },
          {
            "name": "TATTOORIGHTARM",
            "options": [0, 72]
          },
          {
            "name": "TATTOOHEAD",
            "options": [0, 72]
          },
          {
            "name": "TATTOOLEFTLEG",
            "options": [0, 72]
          },
          {
            "name": "TATTOORIGHTLEG",
            "options": [0, 72]
          }
        ]
      }
    },
    {
      "name": "HEAD_AND_FACE",
      "filters": {
        "areFiltersAttributes": true,
        "data": [
          {
            "name": "HEAD"
          },
          {
            "name": "TONE_AND_COMPLEXION"
          },
          {
            "name": "BROW",
            "numPresets": 0,
            "numTweaks": 4,
            "colourPickerAttribute": "FACIAL_HAIR_COLOUR"
          },
          {
            "name": "EYE",
            "numPresets": 23,
            "numTweaks": 4,
            "colourPickerAttribute": "EYE_COLOUR"
          },
          {
            "name": "NOSE",
            "numPresets": 28,
            "numTweaks": 4
          },
          {
            "name": "MOUTH",
            "numPresets": 22,
            "numTweaks": 4
          },
          {
            "name": "CHEEK_JAW",
            "numPresets": 13,
            "numTweaks": 5
          },
          {
            "name": "CHIN",
            "numPresets": 9,
            "numTweaks": 5
          },
          {
            "name": "EAR",
            "numPresets": 14,
            "numTweaks": 5
          },
          {
            "name": "HAIR",
            "colourPickerAttribute": "HAIR_COLOUR"
          },
          {
            "name": "FACIAL_HAIR",
            "disabledOptions": [19],
            "colourPickerAttribute": "FACIAL_HAIR_COLOUR"
          }
        ]
      }
    },
    {
      "name": "ATHLETIC",
      "filters": {
        "areFiltersAttributes": false,
        "data": [
          {
            "name": "BODY",
            "filters": {
              "areFiltersAttributes": true,
              "data": [
                {
                  "name": "HEIGHT",
                  "minValue": 130,
                  "maxValue": 255,
                  "componentType": "SLIDER"
                },
                {
                  "name": "WEIGHT",
                  "minValue": 30,
                  "maxValue": 150,
                  "componentType": "SLIDER"
                },
                {
                  "name": "BODY_TYPE",
                  "isVisible": false
                },
                {
                  "name": "GENDER",
                  "isVisible": false
                },
                {
                  "name": "ACCELERATION",
                  "minValue": 1,
                  "maxValue": 99,
                  "componentType": "BAR"
                },
                {
                  "name": "AGILITY",
                  "minValue": 1,
                  "maxValue": 99,
                  "componentType": "BAR"
                },
                {
                  "name": "BALANCE",
                  "minValue": 1,
                  "maxValue": 99,
                  "componentType": "BAR"
                },
                {
                  "name": "JUMPING",
                  "minValue": 1,
                  "maxValue": 99,
                  "componentType": "BAR"
                },
                {
                  "name": "REACTIONS",
                  "minValue": 1,
                  "maxValue": 99,
                  "componentType": "BAR"
                },
                {
                  "name": "SPRINT_SPEED",
                  "minValue": 1,
                  "maxValue": 99,
                  "componentType": "BAR"
                },
                {
                  "name": "STAMINA",
                  "minValue": 1,
                  "maxValue": 99,
                  "componentType": "BAR"
                },
                {
                  "name": "STRENGTH",
                  "minValue": 1,
                  "maxValue": 99,
                  "componentType": "BAR"
                }
              ]
            }
          },
          {
            "name": "GAMEPLAY",
            "filters": {
              "areFiltersAttributes": true,
              "data": [
                {
                  "name": "POSITION",
                  "componentType": "TOGGLE"
                },
                {
                  "name": "ROLE",
                  "componentType": "TOGGLE"
                },
                {
                  "name": "PREFERRED_POSITION",
                  "isVisible": false
                },
                {
                  "name": "PREFERRED_FOOT",
                  "componentType": "TOGGLE"
                }
              ]
            }
          },
          {
            "name": "ATTRIBUTES",
            "filters": {
              "areFiltersAttributes": false,
              "data": [
                {
                  "name": "ATTACK",
                  "filters": {
                    "areFiltersAttributes": true,
                    "data": [
                      {
                        "name": "CROSSING",
                        "minValue": 1,
                        "maxValue": 99,
                        "componentType": "BAR",
                        "isEditable": true
                      },
                      {
                        "name": "FINISHING",
                        "minValue": 1,
                        "maxValue": 99,
                        "componentType": "BAR",
                        "isEditable": true
                      },
                      {
                        "name": "HEADING_ACCURACY",
                        "minValue": 1,
                        "maxValue": 99,
                        "componentType": "BAR",
                        "isEditable": true
                      },
                      {
                        "name": "SHORT_PASSING",
                        "minValue": 1,
                        "maxValue": 99,
                        "componentType": "BAR",
                        "isEditable": true
                      },
                      {
                        "name": "VOLLEYS",
                        "minValue": 1,
                        "maxValue": 99,
                        "componentType": "BAR",
                        "isEditable": true
                      },
                      {
                        "name": "WEAK_FOOT_ABILITY",
                        "minValue": 1,
                        "maxValue": 5,
                        "componentType": "BAR",
                        "isEditable": true
                      }
                    ]
                  }
                },
                {
                  "name": "DEFENDING",
                  "filters": {
                    "areFiltersAttributes": true,
                    "data": [
                      {
                        "name": "STANDING_TACKLE",
                        "minValue": 1,
                        "maxValue": 99,
                        "componentType": "BAR",
                        "isEditable": true
                      },
                      {
                        "name": "SLIDING_TACKLE",
                        "minValue": 1,
                        "maxValue": 99,
                        "componentType": "BAR",
                        "isEditable": true
                      }
                    ]
                  }
                },
                {
                  "name": "SKILL",
                  "filters": {
                    "areFiltersAttributes": true,
                    "data": [
                      {
                        "name": "DRIBBLING",
                        "minValue": 1,
                        "maxValue": 99,
                        "componentType": "BAR",
                        "isEditable": true
                      },
                      {
                        "name": "CURVE",
                        "minValue": 1,
                        "maxValue": 99,
                        "componentType": "BAR",
                        "isEditable": true
                      },
                      {
                        "name": "FREE_KICK_ACCURACY",
                        "minValue": 1,
                        "maxValue": 99,
                        "componentType": "BAR",
                        "isEditable": true
                      },
                      {
                        "name": "LONG_PASSING",
                        "minValue": 1,
                        "maxValue": 99,
                        "componentType": "BAR",
                        "isEditable": true
                      },
                      {
                        "name": "BALL_CONTROL",
                        "minValue": 1,
                        "maxValue": 99,
                        "componentType": "BAR",
                        "isEditable": true
                      }
                    ]
                  }
                },
                {
                  "name": "POWER",
                  "filters": {
                    "areFiltersAttributes": true,
                    "data": [
                      {
                        "name": "SHOT_POWER",
                        "minValue": 1,
                        "maxValue": 99,
                        "componentType": "BAR",
                        "isEditable": true
                      },
                      {
                        "name": "JUMPING",
                        "minValue": 1,
                        "maxValue": 99,
                        "componentType": "BAR",
                        "isEditable": true
                      },
                      {
                        "name": "STAMINA",
                        "minValue": 1,
                        "maxValue": 99,
                        "componentType": "BAR",
                        "isEditable": true
                      },
                      {
                        "name": "STRENGTH",
                        "minValue": 1,
                        "maxValue": 99,
                        "componentType": "BAR",
                        "isEditable": true
                      },
                      {
                        "name": "LONG_SHOTS",
                        "minValue": 1,
                        "maxValue": 99,
                        "componentType": "BAR",
                        "isEditable": true
                      }
                    ]
                  }
                },
                {
                  "name": "MOVEMENT",
                  "filters": {
                    "areFiltersAttributes": true,
                    "data": [
                      {
                        "name": "ACCELERATION",
                        "minValue": 1,
                        "maxValue": 99,
                        "componentType": "BAR",
                        "isEditable": true
                      },
                      {
                        "name": "SPRINT_SPEED",
                        "minValue": 1,
                        "maxValue": 99,
                        "componentType": "BAR",
                        "isEditable": true
                      },
                      {
                        "name": "AGILITY",
                        "minValue": 1,
                        "maxValue": 99,
                        "componentType": "BAR",
                        "isEditable": true
                      },
                      {
                        "name": "REACTIONS",
                        "minValue": 1,
                        "maxValue": 99,
                        "componentType": "BAR",
                        "isEditable": true
                      },
                      {
                        "name": "BALANCE",
                        "minValue": 1,
                        "maxValue": 99,
                        "componentType": "BAR",
                        "isEditable": true
                      }
                    ]
                  }
                },
                {
                  "name": "MENTALITY",
                  "filters": {
                    "areFiltersAttributes": true,
                    "data": [
                      {
                        "name": "AGGRESSION",
                        "minValue": 1,
                        "maxValue": 99,
                        "componentType": "BAR",
                        "isEditable": true
                      },
                      {
                        "name": "INTERCEPTIONS",
                        "minValue": 1,
                        "maxValue": 99,
                        "componentType": "BAR",
                        "isEditable": true
                      },
                      {
                        "name": "POSITIONING",
                        "minValue": 1,
                        "maxValue": 99,
                        "componentType": "BAR",
                        "isEditable": true
                      },
                      {
                        "name": "VISION",
                        "minValue": 1,
                        "maxValue": 99,
                        "componentType": "BAR",
                        "isEditable": true
                      },
                      {
                        "name": "PENALTIES",
                        "minValue": 1,
                        "maxValue": 99,
                        "componentType": "BAR",
                        "isEditable": true
                      }
                    ]
                  }
                },
                {
                  "name": "GOALKEEPER",
                  "filters": {
                    "areFiltersAttributes": true,
                    "data": [
                      {
                        "name": "GK_DIVING",
                        "minValue": 1,
                        "maxValue": 99,
                        "componentType": "BAR",
                        "isEditable": true
                      },
                      {
                        "name": "GK_HANDLING",
                        "minValue": 1,
                        "maxValue": 99,
                        "componentType": "BAR",
                        "isEditable": true
                      },
                      {
                        "name": "GK_KICKING",
                        "minValue": 1,
                        "maxValue": 99,
                        "componentType": "BAR",
                        "isEditable": true
                      },
                      {
                        "name": "GK_POSITIONING",
                        "minValue": 1,
                        "maxValue": 99,
                        "componentType": "BAR",
                        "isEditable": true
                      },
                      {
                        "name": "GK_REFLEXES",
                        "minValue": 1,
                        "maxValue": 99,
                        "componentType": "BAR",
                        "isEditable": true
                      }
                    ]
                  }
                }
              ]
            }
          }
        ]
      }
    },
    {
      "name": "INFO",
      "filters": {
        "areFiltersAttributes": false,
        "data": [
          {
            "name": "ABOUT_ME",
            "filters": {
              "areFiltersAttributes": true,
              "data": [
                {
                  "name": "FIRST_NAME",
                  "componentType": "INPUT_TEXT",
                  "isEditable": true
                },
                {
                  "name": "SURNAME",
                  "componentType": "INPUT_TEXT",
                  "isEditable": true
                },
                {
                  "name": "KNOWN_AS",
                  "isEditable": true,
                  "componentType": "INPUT_TEXT"
                },
                {
                  "name": "COMMENTARY_NAME",
                  "componentType": "LIST"
                },
                {
                  "name": "GENDER",
                  "isEditable": true,
                  "isVisible": true,
                  "componentType": "TOGGLE"
                },
                {
                  "name": "KIT_NAME",
                  "isEditable": true,
                  "componentType": "INPUT_TEXT"
                },
                {
                  "name": "KIT_NUMBER",
                  "minValue": 1,
                  "maxValue": 99,
                  "componentType": "TOGGLE"
                },
                {
                  "name": "NATIONALITY",
                  "isEditable": true,
                  "componentType": "LIST"
                },
                {
                  "name": "TEAM",
                  "isEditable": false,
                  "componentType": "LIST",
                  "dataType": "INT",
                  "dataPolicyType": "OPTIONS"
                },
                {
                  "name": "BIRTH_YEAR",
                  "minValue": 1600,
                  "maxValue": 2100,
                  "componentType": "TOGGLE"
                },
                {
                  "name": "BIRTH_MONTH",
                  "isEditable": true,
                  "minValue": 1,
                  "maxValue": 12,
                  "componentType": "TOGGLE"
                },
                {
                  "name": "BIRTH_DAY",
                  "isEditable": true,
                  "minValue": 1,
                  "maxValue": 31,
                  "componentType": "TOGGLE"
                }
              ]
            }
          }
        ]
      }
    },
    {
      "name": "KIT_FIT",
      "filters": {
        "areFiltersAttributes": false,
        "data": [
          {
            "name": "KIT_FIT",
            "filters": {
              "areFiltersAttributes": true,
              "data": [
                {
                  "name": "WAIST_FIT"
                },
                {
                  "name": "KIT_SLEEVES"
                },
                {
                  "name": "GK_PANTS"
                },
                {
                  "name": "JERSEY_FIT"
                }
              ]
            }
          },
          {
            "name": "BOOTS_AND_SOCKS",
            "filters": {
              "areFiltersAttributes": true,
              "data": [
                {
                  "name": "BOOT"
                },
                {
                  "name": "KIT_SOCK"
                },
                {
                  "name": "ANKLE_TAPE"
                }
              ]
            }
          },
          {
            "name": "GLOVES_AND_WRIST",
            "filters": {
              "areFiltersAttributes": true,
              "data": [
                {
                  "name": "GLOVES"
                },
                {
                  "name": "GK_GLOVES"
                },
                {
                  "name": "LEFT_WRIST"
                },
                {
                  "name": "RIGHT_WRIST"
                }
              ]
            }
          }
        ]
      }
    },
    {
      "name": "BRAND_ANIMATIONS",
      "filters": {
        "areFiltersAttributes": false,
        "data": [
          {
            "name": "CELEBRATIONS",
            "filters": {
              "areFiltersAttributes": true,
              "data": [
                {
                  "name": "GOALCELEBRATION",
                  "disabledOptions": [ 3610, 3612, 3616, 3617, 3620, 3623, 3624, 3628, 3609, 3611, 3615, 3618, 3619, 3621, 3622, 3625, 3626, 3627 ]
                },
                {
                  "name": "RUNNINGCELEBRATION"
                }
              ]
            }
          },
          {
            "name": "STYLE",
            "filters": {
              "areFiltersAttributes": true,
              "data": [
                {
                  "name": "FREEKICKSTYLE"
                },
                {
                  "name": "PENALTYKICKSTYLE"
                }
              ]
            }
          },
          {
            "name": "RUNNINGSTYLE",
            "filters": {
              "areFiltersAttributes": true,
              "data": [
                {
                  "name": "RUNNINGSTYLE"
                }
              ]
            }
          }
        ]
      }
    }
  ],
  "attributeDependencyTree": [
    {
      "parents":[
        "OUTFITTOPLAYER1",
        "OUTFITTOPLAYER2"
      ],
      "children":[
        "OUTFITACCESSORY1"
      ]
    },
    {
      "parents": [
        "GENDER"
      ],
      "children": [
        "KNOWN_AS"
      ]
    },
    {
      "parents": [
        "POSITION",
        "BOOT"
      ],
      "children": [
        "GK_GLOVES",
        "GK_PANTS",
        "GLOVES",
        "ROLE"
      ]
    },
    {
      "parents": [
        "ROLE"
      ],
      "children": [
        "PREFERRED_POSITION"
      ]
    },
    {
      "parents": [
        "GK_PANTS",
        "BOOT"
      ],
      "children": [
        "ANKLE_TAPE"
      ]
    },
    {
      "parents": [
        "BIRTH_MONTH",
        "BIRTH_YEAR"
      ],
      "children": [
        "BIRTH_DAY"
      ]
    },
    {
      "parents": [
        "FACE"
      ],
      "children": [
        "HEAD"
      ]
    },
    {
      "parents": [
        "HEAD"
      ],
      "children": [
        "CHIN",
        "EAR",
        "EYE",
        "CHEEK_JAW",
        "MOUTH",
        "NOSE",
        "BROW"
      ]
    }
  ]
}